{"short_name":"skava_snake","name":"Snake - Skava labs","description":"The famous snake game reworked by Skava Labs","icons":[{"src":"/icon-192.png","type":"image/png","sizes":"192x192","purpose":"any maskable"},{"src":"/icon-512.png","type":"image/png","sizes":"512x512","purpose":"any maskable"}],"id":"/","start_url":"/","background_color":"#7B4523","display":"standalone","scope":"/","theme_color":"#2E7CF6","screenshots":[{"src":"/Screenshots/screenshot1.png","type":"image/png","sizes":"457x730","form_factor":"narrow"},{"src":"/Screenshots/screenshot2.png","type":"image/png","sizes":"457x730","form_factor":"narrow"},{"src":"/Screenshots/screenshot-wide.png","type":"image/png","sizes":"909x536","form_factor":"wide"}]}